sample_id,pH,turbidity,dissolved_oxygen,temperature,purity_level
1,7.744993845172062,4.795319034013443,6.489945670322277,31.286105911404547,Pure
2,7.813801312421146,4.124974765364042,6.450965023026759,17.813467463565047,Impure
3,8.13419532938995,4.060226919696539,5.031741673532881,34.56758797061319,Impure
4,6.312097874895378,2.6969370801619332,7.1571912074197375,14.750064312883886,Pure
5,8.241705055013993,3.258360466232559,6.285823522714955,30.984109162535514,Impure
6,6.950823824766729,3.6269622579627705,8.133206542207214,19.99265901432105,Pure
7,8.144880613179705,3.869140187503454,6.241899195110971,12.141695433218405,Impure
8,6.296273439434122,4.714750142403984,5.796488895232658,18.522039408052812,Impure
9,6.722166438902202,1.9727104360487515,5.313017701715749,32.54901287544888,Pure
10,6.379474687458654,4.595868112890839,5.856298194415386,20.440013444131488,Impure
11,7.4401400143924485,4.0643904213420186,7.2498300330228105,17.389714526918766,Impure
12,7.963035472433984,1.731788788017199,8.648478697230956,30.155686999279123,Impure
13,6.4839525963789555,3.4970349325946013,5.818498064006345,28.204233547420685,Impure
14,6.4011179177916935,3.8779115702595353,5.802558704592487,34.848098328010394,Impure
15,6.982055574940474,3.327451920792897,8.274313363220243,29.810418017161272,Pure
16,7.488014942859493,1.9119956797199453,7.6912247446041295,22.6256278860736,Pure
17,6.382103026317336,4.788830668780376,7.376179510465507,21.511039246341255,Impure
18,6.026507973057951,2.941657474654655,6.361861096752003,28.02711714650663,Impure
19,8.259167967372285,1.6212153334018908,5.3790794540666536,25.338560625295255,Pure
20,6.577108405984924,3.062286943033352,8.081794851801746,21.616899360942487,Impure
21,7.62991427453702,2.4354579837358363,7.29860316128758,23.25596156372935,Pure
22,8.401657364183642,2.134164410979405,5.468802570283081,10.452597463104354,Pure
23,7.740161698765821,2.0676540985746823,7.280077808813311,17.14615889172528,Impure
24,6.023802822034355,1.4294454139015214,7.561633415898255,14.9543328077126,Impure
25,7.826742378802506,2.1255925244784004,7.983336859056813,16.378995540122038,Impure
26,7.284250632529399,3.250830845302772,5.503385707457086,24.199246266880344,Impure
27,6.624540539597333,4.010042836872175,8.291557726144735,14.036854733903088,Impure
28,6.611563342566526,2.9794223375257336,8.279903041146335,32.67587082000627,Pure
29,8.379804112183937,2.678790113879765,6.426126170218593,23.820747535990606,Pure
30,7.8309358069636374,3.473920979400073,7.934566625291377,20.94262934026179,Impure
31,7.821053173352576,1.4137799846715753,7.525949670254832,26.660042264341513,Impure
32,6.243993283314315,3.3050738720164854,5.763440863901376,27.57966512983069,Pure
33,7.373133124980465,3.667099222428152,7.056768681753955,30.885948820101174,Pure
34,8.129709510112189,3.4378694166104036,7.738883661460472,16.033368877697555,Pure
35,8.056419761508334,3.3395804449106707,8.93185647787653,18.16001073787824,Pure
36,6.936046661852105,4.948879822384212,8.459842681845817,11.640308426708945,Pure
37,8.382851124233092,4.3276507325041145,5.292214300366851,14.788575611497684,Pure
38,6.033240204369259,4.628807258009494,5.78697995935039,27.70644183840581,Impure
39,7.4701189216130395,3.4540754573519425,6.621796227121503,23.656440217377018,Pure
40,6.025928931675525,1.7849993319092414,6.177779469232632,32.13303278857454,Impure
41,7.622170301659705,4.460300635699576,7.554728367548922,13.89183230160505,Pure
42,6.528293701728187,1.1199431307872216,7.767201509299911,19.044992199828926,Pure
43,6.277992017099308,2.904207950060509,6.624089751590218,24.11519083722134,Pure
44,7.3596264118576755,4.7322480887398815,5.32467063248032,22.048276170983044,Pure
45,7.0354879323522574,1.2870547900598193,8.918929699844039,18.732759370119417,Pure
46,7.725098985237572,4.9605212862483405,7.968892412456629,23.116255928878985,Pure
47,8.225917833135325,1.4057230760489658,8.084522529811935,20.416510432596922,Pure
48,7.056681291124214,1.0460870514472163,6.637825758741236,10.23591760570844,Pure
49,6.38472637214534,3.004195182939524,5.100330042863083,21.40416093161838,Pure
50,7.939980469234013,1.0786769813925488,8.775578602329501,12.329908068160538,Impure
51,7.098851700996038,2.9517320098803497,7.171955807047739,21.262874634297674,Pure
52,7.788141190106024,2.7876927766259905,6.876669491612187,21.03817824907422,Impure
53,7.00311589056302,4.09777859120781,8.69388376727452,21.99347246614634,Pure
54,7.1768134812650395,4.483196784789422,6.898842047992108,24.613412802129453,Pure
55,6.441102908022712,3.052822366005689,5.0022972260887855,20.630334310898853,Impure
56,7.2053153749139955,4.086539565365928,6.917182915850688,12.791197417962962,Impure
57,6.872969274283675,1.6703001598445186,5.216249700933313,28.08100089187202,Pure
58,7.3511145321013185,1.6055235003009232,6.765862483866979,16.287912920892524,Pure
59,7.281969950623415,1.6057172234362507,5.836212572703765,25.403595680652927,Impure
60,7.977726454610342,2.5144941864616848,6.7601063193925075,17.249371656880513,Pure
61,6.881493686196696,1.7801703574103311,6.8285199893657715,19.459257963557043,Impure
62,6.424113898626378,1.4753832691271467,7.016091489920385,32.72700679429778,Pure
63,6.85119055322973,2.2570224141014457,8.85616198036575,15.067886025511593,Pure
64,7.684645912397326,2.6467752442477783,6.5335024860080075,26.09954319939779,Pure
65,6.27630149889241,4.148429601934794,7.768285673381749,33.27852862684713,Impure
66,8.076875077417434,3.6942413649814747,8.476414494138364,18.122115561077134,Pure
67,6.059034998924835,3.7504552968508986,7.122037087013143,23.539102477809948,Impure
68,6.5772490594694935,3.1844017639073807,7.154404717644546,22.857073666072566,Impure
69,8.31843362054948,1.574130672322608,6.775481974994724,23.70497724323569,Pure
70,6.330874670701774,4.921088648742151,6.471806964730408,31.244718013362906,Impure
71,6.519354724355198,2.233653549046357,5.395122661994202,28.417065384556793,Impure
72,6.96166407452467,3.323534005924253,6.639555749322392,14.826677041253859,Pure
73,8.388337477744276,4.7319551476534265,5.431269792574934,10.524572954856772,Impure
74,6.553178597677531,1.3418667852165482,7.92457680622514,24.929238264739517,Impure
75,6.401685492077918,4.745669809350126,8.223801569476436,31.988936860415965,Impure
76,6.285328039713839,1.0953813287260652,8.12623491302755,27.775587185815034,Impure
77,7.982677441935891,3.8267189157740638,7.47675584796613,31.140389129974775,Impure
78,7.185559229938811,3.966323731111334,6.540717495150465,14.511085180332758,Impure
79,7.983744863679603,2.0777270936160135,6.518541693260186,18.58676553067882,Pure
80,8.206617878771468,3.5370458499792097,7.7813186186537475,23.666855807550213,Impure
81,7.792277968992382,1.1924050449599441,8.727723403923061,13.008751382657362,Impure
82,6.546757350918628,1.3091919480431229,7.494298567544553,30.79328932762711,Pure
83,8.100533712680654,3.242085320477857,8.4886639393463,11.194602106452642,Pure
84,7.213394119772103,4.636912508902435,8.293674771228536,25.420052787858197,Pure
85,6.679052401978845,3.4455385077762686,5.069173206702257,26.27552448117406,Impure
86,7.350734723861606,4.692772876576296,7.16331397035197,34.74386256129155,Impure
87,6.118196451660998,2.8426168561762952,7.8808495369067915,23.180216493336523,Pure
88,7.014274996307907,2.4304120824234783,5.214083926587988,33.93594584627263,Impure
89,6.818659324627863,3.564073080311599,5.093009652004207,21.975674744769837,Pure
90,7.667302697358832,3.5834319973750253,6.86429494847583,29.8133321168899,Impure
91,8.273706657077058,2.7863737520288447,7.600452949133695,25.936467801462587,Impure
92,6.964549364807724,1.6963011667173356,5.25241924323838,27.179927959033257,Pure
93,6.57602974912511,4.85474957834275,6.71789319566278,24.180364710721094,Pure
94,7.314811943983054,1.9179498858813404,6.102694013560198,18.665438344842052,Pure
95,8.05293762048327,1.735844045358343,7.6407391212776705,33.28393263583164,Impure
96,8.137750763675031,2.459022405676759,8.950931860585758,20.345592176531415,Pure
97,6.239737259470956,1.136063456874278,7.5541265932404205,23.39176672573082,Impure
98,7.8266137927446175,4.790932498581161,8.365184986176061,18.119643504115203,Impure
99,7.817034809163234,3.875461609797877,7.423912399718787,30.511253572451512,Impure
100,7.228817945772407,2.516262271602339,6.941097560149865,15.338893065320669,Pure
101,8.051215962996995,4.889292776356077,5.079116720335864,28.592588593435817,Pure
102,6.712214588968919,1.6840695165803088,6.315304054378984,12.354147822588098,Pure
103,7.750216595602196,3.229206931236948,5.756752213246075,15.320443059000294,Impure
104,6.774444404639335,2.8490981053696633,5.3854251012102825,28.606970101878424,Impure
105,6.738659720553972,3.980725865765669,5.950985455747679,15.608160652326461,Pure
106,7.570906227329361,2.4511219402011677,5.384872831196893,15.88427862855378,Impure
107,6.7383931514197855,3.8726962925084263,7.0562670263159495,21.250523364006597,Impure
108,6.027081291017828,4.652941437244754,5.119367243770393,15.817218765481922,Impure
109,7.771151105572835,3.5886026082480518,5.33441983086114,25.81656664763197,Pure
110,8.372893949242293,1.512980476479143,8.747574177155052,31.157295219854948,Impure
111,7.758632429952145,3.088999057062577,5.32044764749004,11.970388758392971,Pure
112,6.534707657158428,3.6632105865574243,7.441603913890461,17.2032478537435,Impure
113,6.158722479958463,2.766502568476324,6.914549686078571,33.424403146452725,Pure
114,6.227570536140666,4.369534402229692,5.993362960108673,17.767190410747457,Pure
115,7.441448493648975,3.4487709809256524,8.99735546463019,11.752882966431931,Pure
116,7.770883197633022,1.9243765402375685,8.129204606342373,11.607238807497492,Impure
117,8.299773710263327,2.1113338355686695,8.97429545141407,17.57368663980746,Pure
118,7.802102548190124,4.9989281553595895,5.502001668043619,18.718821632031027,Pure
119,7.987021068971419,4.302299726675245,8.834537747399516,34.08250542925731,Pure
120,8.199400993626966,3.922715728668573,6.2889697532199875,25.57859281967938,Pure
121,8.187629835780362,2.287207766678263,8.434683820377316,20.363493375625282,Pure
122,8.153196641535022,3.5135737457977396,8.987770669186837,20.811031901387516,Impure
123,6.204541609009016,2.178349449055612,8.94779534737129,30.141684657127772,Pure
124,7.513510653221552,1.1523423400266029,5.790633550828344,34.542879622698536,Pure
125,8.212725007969077,4.63960824527128,7.197091030375111,10.083518763157509,Impure
126,8.112094057036877,1.4789293744102419,7.828287791790254,27.21177122080093,Impure
127,8.243808665533761,3.866177770187381,7.506152913274722,25.25501883236457,Impure
128,6.85756168447246,2.991289582992764,7.765237029666414,29.341310286190634,Impure
129,8.179148186990734,3.215135696643141,5.919369700810307,29.549564274695143,Impure
130,7.92888749684101,2.2865351310122985,6.369959627227168,22.497534716281933,Impure
131,7.453795207376001,1.0233001270284028,6.797013659614489,31.466698040021956,Impure
132,7.82358279017081,3.794860004967901,8.804078301391726,19.585058613490908,Pure
133,6.57402649804587,2.1540355530116493,5.886737036821128,17.2977818458514,Impure
134,8.298225189059217,4.035570530285925,7.961114027627195,34.167760206144706,Pure
135,6.141982249925167,3.0627674331511585,5.820855741996069,17.5525137756208,Impure
136,7.446734530149398,2.2815368277495356,7.068383336526234,14.837780943881453,Pure
137,8.455762353876585,2.6978754267354703,7.394875670136226,15.334631631151831,Impure
138,6.688897390267576,3.907739590658788,6.748843966557861,25.85148921820089,Pure
139,6.849140606408008,4.810040108833846,5.580133299391979,28.102025492297592,Pure
140,7.078050799168263,3.5368938160049197,6.850813830608551,25.97751618162981,Pure
141,6.005246015160223,3.5912727901454575,5.75048950331852,22.836123786585667,Pure
142,6.251176565860517,4.5672387656950395,7.559797064425306,12.787672430230064,Impure
143,7.2004204904048335,4.485879981817209,5.659882397275324,17.50676322840929,Pure
144,6.520846258885222,1.1799932902172618,5.071593857758806,27.086640441188568,Impure
145,7.03220932820483,3.6539932094265812,8.118220593239824,10.201393274542,Pure
146,6.009181401374913,3.7188337103420728,5.158699368576913,32.412583815858575,Pure
147,7.889484351664816,1.1571816608298375,6.243567292427128,18.81225420174672,Pure
148,7.981262308135707,2.8080109180239123,7.990139526927873,30.839481016904895,Impure
149,7.053372869408263,4.309450554898046,5.7258314319131625,30.814927823291647,Pure
150,7.660066628131679,4.228510302204748,5.3456389544446115,21.02750369173307,Pure
151,8.301279942934636,4.3872795300333625,7.023259336211836,25.25011469084649,Pure
152,7.5662925227654965,2.9851497659511717,8.81846113110264,15.762402649921889,Pure
153,8.176924927718414,3.056856505489006,7.2711903323375875,22.51075994080331,Pure
154,7.010374482360535,3.6878520546515663,6.877995256956025,33.93282055717381,Pure
155,7.680033337981932,2.942234133239272,8.858744781322073,22.75720986777752,Impure
156,7.67710327487282,3.6219815014082553,8.778391136083775,33.75416350518735,Pure
157,6.597745096828016,3.815070306896892,5.2711972408309204,17.550024924536334,Impure
158,7.5376793322842355,4.657832027922677,5.089637213195627,12.328421620779364,Impure
159,6.44395883282666,2.339342618479507,6.595363393978273,27.78614341516632,Pure
160,6.22386799351161,2.4124415764972382,8.89129944707977,10.982120785197155,Pure
161,8.096641141639338,1.1466896954478751,5.5612633046910815,17.837229574080453,Impure
162,6.748332247340251,1.5818345047724836,7.4371386453130075,32.34916160275007,Pure
163,7.031334438736991,2.4425398632700235,6.952630811671952,20.136573494546813,Impure
164,7.031148279460356,1.4255975857420355,7.671661852536986,28.819322327446507,Impure
165,6.602063099104284,1.27429726995397,7.911611668231262,20.291702365812124,Pure
166,6.274653994961195,4.605716449748934,8.722056753106957,21.53521611435585,Pure
167,7.701693840116323,1.3901119880509194,7.565113414296958,22.472801471178954,Impure
168,7.807900160998141,2.778950513039272,7.276498184558977,30.921883125391965,Impure
169,7.423972188759719,1.359744218886663,8.378516506572455,16.30342621196438,Pure
170,6.732208945722872,2.395994114779053,5.497184006268924,21.092751674665532,Pure
171,6.2652871017393,2.593007828391191,7.080246772670071,25.15311385405822,Pure
172,7.479790273407112,2.1831409671926636,8.90389419684182,13.36757626661997,Impure
173,8.390022564556949,2.453954598557431,5.2851097211627724,28.704066867410678,Impure
174,6.534051167308782,2.139382510542511,8.053791405228946,19.86351948898205,Pure
175,8.354865861431584,3.5548975301477435,8.212547334687345,16.773095860813644,Impure
176,6.7001524276396385,1.897651207371982,6.989585244111465,16.2884927516509,Pure
177,7.924099420029086,1.2063195962763902,7.661841536028718,15.42708487771845,Impure
178,6.418343703836442,4.963243558488367,8.652072704958943,14.882645000125354,Pure
179,7.636376080768442,4.837278185818972,6.9896158174944105,24.87029265648638,Impure
180,7.033886341553643,2.3725128783577394,8.89493706234324,30.708513586925946,Pure
181,6.088530274124853,2.772671542345698,6.427788133830963,13.258556510563466,Pure
182,7.762577698696846,1.8453051122719306,7.146959784570816,16.27587750298059,Impure
183,8.170661449070133,4.467457947255028,8.531402666197828,27.854654723127588,Pure
184,6.342697520484501,2.0435865153790527,7.552607876159742,34.18577851531524,Pure
185,7.045621218036458,2.25748989286773,5.517080796314072,34.88872901648342,Pure
186,6.649455590997677,2.4763662002315505,8.678366400124897,22.351341612434386,Impure
187,8.450839468369374,3.9540751514547643,6.576871354419044,15.67978598002908,Impure
188,6.946108976170642,3.580075424149464,6.411568522378152,21.801380897770276,Impure
189,6.3676702326258665,1.2006903001241769,7.641270633176884,29.151482752370853,Impure
190,8.024309217074531,4.599207046005053,6.431405441457627,15.245269334919625,Pure
191,8.123497169027825,3.4379898188985716,8.087215745757433,28.25648233054299,Pure
192,6.350443709145248,4.111942167091691,5.943746824937987,20.248190662901067,Pure
193,6.784533957595572,1.3675614974332548,8.208136391255762,22.201619420612186,Impure
194,7.729843646726876,1.3827843646817497,6.095226267899015,21.079647712921318,Impure
195,7.602127854173836,1.8079568996007294,8.677629518271551,31.247214301622183,Impure
196,7.251222194825434,4.848346412935431,7.274074496356511,10.502125991664359,Pure
197,8.044841597549533,1.071157497595416,6.546658952707693,26.18393956812745,Pure
198,6.213525052806464,3.0054334177154254,5.160592027531061,26.485976344356757,Impure
199,6.385678600467934,3.0751148880704524,5.633938182506109,24.508164134620614,Impure
200,8.379816826045504,4.042184159518759,5.861462245577144,22.5550484229705,Impure
201,6.785048055576216,3.070915619453779,7.125807313035061,23.838262329858377,Pure
202,7.953980118835847,3.5596888927980115,6.244111273877002,21.286114484507678,Pure
203,6.853031824409601,2.3270342198806593,7.0539903387337315,32.0813527473577,Pure
204,6.351089162260454,3.5266472803532323,8.748269112911434,12.87855532536884,Impure
205,7.728888386416346,4.238604356755996,8.997538337883679,10.413576241341818,Pure
206,6.352024695617875,2.7219090592022757,7.574399689574398,31.64017320223377,Impure
207,7.757312090175116,2.3658611228126185,6.708337549850246,28.114023388601208,Impure
208,6.443338713071634,4.692205268958055,7.908421541174915,25.038955324285823,Impure
209,8.128934373717243,1.5839431036488079,7.131333298130381,29.97892850069136,Impure
210,8.380419985760117,3.6633444914090405,6.658055514724875,10.08246937119954,Pure
211,7.899913518636618,4.243031089175626,7.154459016561646,14.688099232518478,Impure
212,6.0771938710431606,3.535330508711695,6.628806697982384,20.632560182936732,Impure
213,6.205067551533384,1.843430168282537,8.065943826898996,28.552699622876386,Pure
214,8.188990915844697,1.9553466298696844,5.876069823320384,27.316889711163213,Impure
215,8.049428062325418,4.887220704416119,6.985556722122594,19.74129025116299,Impure
216,6.715921701675942,1.6189398684732739,6.263469251482088,30.142188660608625,Pure
217,8.172288614980449,3.1427051679413394,8.981295605076408,26.595322133305505,Pure
218,8.164339580735964,1.3021948569182733,6.335527686355359,10.791387261301102,Pure
219,7.524026516100953,1.572199914082927,7.132427954860939,12.657421940734489,Impure
220,7.772962452668367,2.063576066248266,8.101235421389122,24.210246390739147,Pure
221,6.96525002036763,1.3443965190266933,5.131707964439807,19.616537891312397,Impure
222,6.1829356451914625,1.3555235592800052,5.153125677814568,18.913744361713057,Impure
223,6.112406258770142,3.758380436011454,7.253528696997998,21.58750015980275,Pure
224,7.028498011058034,2.367463286708571,8.192652701031674,14.463784949418445,Impure
225,7.807363761468648,3.2055610979005134,8.189383050249893,34.05330638376179,Impure
226,7.852373433143736,3.20629117841059,7.867078489447973,12.44721932605926,Pure
227,6.735451185489454,3.393536872996948,6.226023717132165,23.854581374897478,Pure
228,7.940105701218899,3.449090783515532,7.435907926319194,19.545605560166646,Pure
229,7.804935131244923,2.405655800432505,8.790074381745878,13.29602123670212,Pure
230,6.732798490198611,3.493829519133102,6.794610571955927,20.801923610949743,Impure
231,7.485021729938035,1.8836541098593123,5.758885098562853,31.753301125879286,Pure
232,7.9789259427631904,2.246760151081877,8.880171839886804,29.397289788118123,Impure
233,8.429641565952576,2.9862467210282104,8.297716480722617,13.761157270863045,Impure
234,8.027389255323467,4.17770671999653,7.985779076976222,29.18496531600156,Impure
235,6.1593071358323845,1.1237763425093914,7.801799518585234,10.137570709550147,Pure
236,7.995240946754527,4.49690027000995,5.736297069171387,32.29591542874638,Impure
237,7.820897629296269,2.0703336030551505,7.720341109455292,21.482874553537833,Pure
238,7.590353643676541,1.6016814990736212,8.612027502339906,30.7392225564319,Pure
239,6.98518894303459,4.750255829959825,7.643218719905663,21.07243172704716,Pure
240,7.983105125134856,4.898191409692956,8.028880017699153,31.167277984312584,Impure
241,7.192295346361525,3.001980430287108,5.256188320110359,27.247272418709983,Pure
242,8.310770054163825,1.0226736549113071,5.23534774002211,12.226913010316366,Pure
243,6.499420558559335,3.182002656772184,5.75834683352706,15.59520523765239,Pure
244,7.588364328871883,1.1864908513673282,5.650980750343438,29.153012075540282,Pure
245,7.757722589085705,4.532974713407436,7.646137321678879,14.018986144098577,Impure
246,7.908585152827313,4.789113536939279,7.12907770489395,22.82967460514446,Impure
247,8.369684467964902,4.2228279354192715,8.329234117859443,29.836637492787005,Pure
248,7.369914769065459,2.1695964823550993,8.341538477061588,15.205997143501401,Impure
249,8.331480237551693,2.9137802948870957,6.9099288731271615,31.061549668327675,Impure
250,7.520750374681689,2.161379556196098,7.099940239440906,18.54969004689653,Pure
251,7.400896316700293,3.1433573179226935,5.565883208159762,19.65098902043381,Pure
252,7.3452144755740045,1.7157640978084205,5.606732847612226,18.314121602780016,Pure
253,6.34474886037524,3.6454796378403627,8.454124656766652,31.774239321799126,Pure
254,7.561668822791706,3.082161403691987,7.775537620174015,34.102401830766055,Impure
255,8.450714775273632,4.328044451146798,7.637551695596933,19.912284580485917,Pure
256,7.714434841759632,3.3016878952497275,8.658742179203959,17.061672908598332,Impure
257,6.823418999943993,1.6295382013297792,5.177758225353815,21.710340567099713,Impure
258,6.188189811269499,3.872736263908652,8.118844758246873,19.489770552351303,Impure
259,7.911279467845693,2.0600288173901435,7.156270474871024,13.7605479644472,Impure
260,6.199842236804102,3.949543743049729,5.812017284632005,26.051689236074807,Pure
261,7.309273740421435,1.4128324838567647,5.453946732794413,32.990380296585926,Pure
262,8.303965091410646,2.1750865380570716,6.75530864014107,15.955591548244726,Impure
263,6.242453560664708,1.9980263474124844,6.307090165584437,33.353807492135644,Pure
264,6.97944637140553,4.934883054923027,8.013290765732462,28.215825527354898,Impure
265,8.269054904017834,4.81221576984499,8.847792990394119,18.593537050481864,Impure
266,8.158601954344386,2.352772648021981,8.234274060983406,16.187270847150387,Impure
267,6.101545342933518,1.0782302190692676,7.847075477656421,33.15741367866829,Pure
268,8.42573387900191,4.9882399821290235,5.724835923693089,23.89369504269277,Impure
269,7.400123112147402,3.637415582672632,5.753108151587326,13.716935517767858,Pure
270,7.064826206034102,1.7738086847076509,6.133129814701496,31.62670925665569,Pure
271,8.10163095148945,4.7285390517381645,7.533252200408009,17.482755414870827,Impure
272,6.6586314664988375,1.8559172736220462,6.6729619460798215,31.3234044928607,Impure
273,8.386408200969507,2.880875640027075,7.701705970171528,16.637388110357627,Impure
274,7.766452037238028,3.493228970234783,5.422779857589383,11.047585164576068,Impure
275,7.673549803888561,3.9689395848634565,7.736608426270265,30.511325544735104,Impure
276,8.34143262470128,1.9922675933586795,5.0138931973660155,24.557920584806663,Impure
277,8.484702670326316,1.0321923981649324,6.743953864919897,11.323149723037126,Pure
278,8.134886050259787,3.097366687634391,8.137315746028467,30.455988251917287,Pure
279,7.916861183863906,1.5216468550311788,6.091697185807041,16.959571506549306,Pure
280,6.7346128334422986,2.256528653434969,5.895570043706153,16.17958379087647,Impure
281,6.984472237344958,1.1547456773353288,5.671493897338387,28.641709035441192,Pure
282,6.044099275161973,4.0726073726466545,8.634740413107506,27.523785666689434,Impure
283,8.486736999040145,4.968383445691007,8.065355711519123,10.216390846236708,Impure
284,8.394124096488756,4.79349385371088,7.14619290683119,28.610705291992318,Impure
285,6.826531928569699,1.9213773894876511,8.692702263310832,17.392467717915693,Pure
286,7.784116412730456,4.491519863043826,8.670408944791003,22.8855291622858,Impure
287,6.12716850718205,1.9659269700864694,7.081940751075772,20.352625962761692,Pure
288,8.287470333282986,4.458345795628545,8.271855726415279,21.706874670379136,Impure
289,8.132609323635531,1.9858863420912303,7.941718497443168,18.584768577176213,Impure
290,8.137682819456376,3.115228501980686,6.321609296313213,21.92256066058339,Impure
291,8.086596155495753,1.110257744558611,8.487507975178003,26.003390276715702,Pure
292,8.405895091883963,2.018650912799863,7.856994325484547,32.88696665131599,Pure
293,7.308890161725632,4.474408965963704,8.696601262344682,15.523219345303783,Impure
294,6.073248184921481,4.247810693076634,7.787215019468837,31.06266813895022,Pure
295,7.442645054284166,2.7885464390917765,8.334729556912379,16.581859411694328,Pure
296,8.302833868681098,4.411690528535779,8.495411175063586,26.757334414196244,Pure
297,6.757539782867784,4.605684167092814,6.878897319293802,32.37443690922252,Pure
298,7.801189364518164,4.836526997451112,5.584126081299742,30.869525322502106,Pure
299,7.544179025006436,1.349822154843944,7.17440442484903,22.677202221569864,Impure
300,6.280415904066296,3.2743796097375344,8.610551297273075,17.99258394776171,Impure
301,7.623710137864448,2.89136020706366,5.689755269335928,33.4950641522929,Pure
302,8.234700481299491,2.4033682244474717,6.911848334579945,25.223109499076084,Pure
303,6.720061142738821,3.5963801670349116,5.726734802741214,30.34397350707312,Impure
304,7.461844044951979,4.207334578230928,6.888980344897495,27.310712672547563,Impure
305,6.671556303972849,4.240706831738872,5.718721847630511,23.775583931546684,Pure
306,6.6536592790645654,1.5793675849491868,6.042304039692715,23.39723878911507,Impure
307,6.182745777349213,2.3158755535240894,5.588089670565685,23.475034522069542,Impure
308,7.167365214780585,4.131311776734612,6.4416309560018785,29.29865923362342,Impure
309,7.367943136586435,2.286469483674796,6.376700199231834,27.33395138394144,Impure
310,6.890960113623425,4.247729959751009,5.092637586182958,14.620368236710636,Pure
311,8.243499859560483,1.8364950802220577,5.0457765249095665,10.2237257822867,Impure
312,8.3406971584083,2.515578157218188,7.9110781659673854,14.192935087502548,Pure
313,6.5927497883202335,4.622103185142214,5.372584354502668,18.751187242260627,Impure
314,7.46033034477192,2.535155684937967,7.626792441145028,23.54328377643878,Impure
315,7.170973812316432,3.9187119770052337,5.521179556071445,28.765093462994233,Pure
316,7.77665676209193,2.139197989515895,6.988370683264289,31.791773342717743,Pure
317,6.347533213164935,3.9635022287532027,8.281644151700949,25.020582169823392,Pure
318,6.077835864344278,2.1771774883504773,7.75746003621895,12.374501939271637,Pure
319,8.133002026274823,4.9657783796924715,5.500672270172371,13.592877256898847,Pure
320,6.619370977232069,2.4436490432817295,5.465350718419602,14.14607665394183,Impure
321,7.417097665337741,1.944426243603631,8.265385713129065,24.801024218506246,Impure
322,8.3339230947419,4.915631803188771,8.428465493363671,18.927435957230312,Impure
323,7.727372771340078,4.682526060169307,7.216984218229385,20.766024377392238,Impure
324,7.234135486980302,4.427498901145286,6.946979082849498,31.261527576902267,Impure
325,8.397011108885534,3.5394681324436794,7.453366380932205,17.293478402573108,Pure
326,8.186858834615311,4.780481404867279,7.45401451639141,18.306093689185246,Impure
327,6.1345251880865606,3.8544701198884854,5.862679910960011,11.355418451715384,Impure
328,6.556742847239313,2.659234537014223,6.2117813958613475,10.122523734736285,Pure
329,6.248921056694469,4.803098473206125,7.8003091776481455,27.995584773591673,Impure
330,6.392489041290182,4.244874713524112,7.641614787694896,34.97191364515146,Impure
331,7.652961117528292,4.014274668559084,6.193883840975969,34.953260868659555,Impure
332,8.35890483233583,2.7699983600110385,5.510350899514158,22.946467615932065,Pure
333,6.362278776472879,2.74447022784426,5.606236840918092,11.723712364955912,Impure
334,7.502482311023726,2.071432192143105,6.980429547189044,31.135008943183273,Pure
335,7.669319671608661,4.092876754874748,8.304992082613646,29.69909942828941,Impure
336,6.2437864766314854,4.51886362645341,5.460347859323729,29.519531323070556,Pure
337,6.634859854678378,2.995756431143754,7.203977758495443,28.6260549706067,Pure
338,6.284217861798316,2.2931141121868666,5.0300153094540745,31.43491283142176,Pure
339,7.079689259196822,3.039379978348429,7.26031311938858,12.567646870023255,Impure
340,7.184268818389444,3.31385770300367,5.6559224710389975,10.56768328260454,Impure
341,6.974097820239551,4.034781430264415,8.638774322315436,25.793824703136416,Impure
342,7.3244006008685725,4.461412948027667,7.323346949082941,13.847320592792478,Impure
343,8.239661589332032,1.9117523275827177,5.442525262913306,28.052639844050926,Impure
344,6.080562407910271,2.396597384935021,7.249278552531914,30.84075062539871,Pure
345,8.463665393586886,4.05301736977028,6.102294789607255,29.635370151868774,Pure
346,6.841341122253133,1.5356829115860604,6.083622788265787,24.0163599288856,Pure
347,7.248134072819588,2.7223729579463822,6.094613063650783,22.00068254086051,Pure
348,7.390157241315896,1.2958113247565972,8.776177729087149,17.360611879539945,Pure
349,6.467342383931783,2.9115917941052736,5.364654825899795,21.553235234204813,Pure
350,6.5760000362961915,4.572150849391631,8.582445426984421,28.239951655132998,Impure
351,8.121692150887824,1.180360197006769,7.541769479236023,25.209356933230126,Impure
352,6.4977348882623005,3.8115095431137322,6.2228778165206045,21.95924584145881,Pure
353,6.620269814560156,1.2098678442865736,6.848984523787366,23.519765111860522,Pure
354,8.206394127445689,2.9613264876527157,7.01037170865971,15.425044981792897,Impure
355,8.108606610421912,2.8443763643722835,7.947899774024458,16.955728144191955,Pure
356,8.200287545410282,4.456182721732574,7.966595176037641,20.510477171613005,Impure
357,8.09317143112584,4.438063338783977,8.601490459320992,26.369885759904598,Impure
358,6.525266524350817,2.426557000911254,8.39854468999189,21.104420126125266,Impure
359,8.140961191590746,4.860736070172954,7.769515566606295,11.627089207481161,Impure
360,7.503528430663417,3.777826596013336,6.161054580076113,18.040307888576102,Pure
361,6.069508201345457,1.7178780579174293,5.194493207186816,29.6732982511814,Impure
362,7.734104919757565,4.033353241782525,7.334044712995021,11.96036270017021,Impure
363,7.485318946203158,3.9807845824208132,6.930525709840746,17.824375942967094,Impure
364,8.108530647524855,1.021518993243725,7.077666647111454,17.873064365978237,Pure
365,7.84304613333131,2.2258605629776893,6.264435574940274,11.618607927321769,Pure
366,7.384037008680841,4.218283390317772,5.844289750750766,14.080475474316788,Impure
367,8.046453123342786,1.9667001675326015,8.978714411058988,24.758173489000214,Impure
368,6.380919751222952,2.759379532396131,8.873463323605206,13.201540021369597,Impure
369,7.759155894207458,3.3330613655990717,6.959505498996412,29.658556950589695,Pure
370,6.077553433542991,2.5803522055822405,7.457057529209185,17.306363640629737,Pure
371,7.331519377499819,4.721151644618133,7.230438564656167,12.486287773780681,Pure
372,7.845051250127618,3.3896974966109186,8.543292957037572,27.3473998820263,Pure
373,6.084020045442058,4.180374820351114,7.815294923661549,20.287764300363886,Impure
374,7.8000369764543755,2.678130347960387,6.041638979940699,34.77429185402019,Pure
375,6.29391739792709,3.979963167002219,8.30382504292713,34.964723529826884,Pure
376,7.123002312981308,3.182877488753668,5.828516930595969,27.885465614016702,Pure
377,7.820433301992308,4.1153207017565405,5.332143721050304,15.193156592446325,Impure
378,7.184752323266566,3.9814578359438757,5.869049136048102,30.230241928095975,Impure
379,6.28416601582689,3.0340949513603066,8.866876013743706,30.980976350584147,Pure
380,7.681794529484269,2.1452164767045723,7.981346860933799,24.21102372136203,Impure
381,6.526190018948179,1.5271164164381554,5.659630851581623,10.50703963924908,Pure
382,6.923044810504696,1.1472579053483698,8.453769206361445,34.33408839736663,Impure
383,6.9513381861704895,3.4701473490907193,5.702338332364093,18.58418074307558,Pure
384,8.411056794580162,3.3045123944375554,8.700696683693483,12.58968875317683,Impure
385,6.58867935547989,4.092004095482471,6.183677137874012,15.49367665126933,Impure
386,8.389122057121766,3.3321745094686004,6.574877275726207,23.366018663460267,Pure
387,7.6567135715436585,4.428100402441876,6.204134421097292,20.50040278773434,Impure
388,6.511519900506689,3.036458396387948,7.760483397198936,17.647157848532423,Impure
389,6.0675633723223115,2.9170472902753017,5.621296485524313,21.702922533775023,Impure
390,8.291705500150375,3.206859396993466,6.487637457668571,21.509641099680753,Impure
391,7.5545834844201165,4.689300255548731,5.048634214618289,12.9120677257276,Pure
392,8.186596844173097,1.0205594780356084,7.080035072771766,10.530884527975672,Pure
393,7.652030587594218,1.3409800193415378,8.22685429561537,33.34851409445055,Impure
394,6.3111693386559375,2.991577680192435,6.72997568032353,30.695060655421184,Impure
395,7.037754008064683,3.074410258468665,8.445008765077034,17.37788736708566,Pure
396,6.965984946068035,2.986724535348903,5.002385182987622,29.559527012086093,Impure
397,6.014367948869686,1.7539861396880383,5.267036854338135,12.339039634948278,Impure
398,6.329686481426125,4.206838400922274,5.256118083859839,11.773178738487177,Pure
399,8.40586844558596,2.420202400848403,5.304508071283568,16.499050655867897,Pure
400,8.353563021662396,4.791704544808738,7.930596253380449,27.23236216806007,Pure
401,6.009693301591111,2.963389783371441,5.379124499127686,12.999440202766912,Pure
402,7.569109721906273,1.986048271914973,8.836702513086783,16.83642986272242,Impure
403,6.1939547164268935,1.841590483604504,6.357754593761777,19.951527545688847,Impure
404,6.6663673854848,3.699121096028524,6.285500847380224,24.12738780929569,Impure
405,6.102319894344202,3.590449382215733,8.796281282049822,27.240082753712393,Pure
406,6.234894600241309,3.633236087165769,7.207746922271781,16.90685732838929,Pure
407,6.574032350142731,4.24341485112641,7.257368716442951,33.8919335003626,Pure
408,7.467870421397559,1.7853680575596975,8.18833407740301,21.49835468275993,Pure
409,6.149651203678548,2.889919157926244,8.724912814563528,15.482117743022672,Pure
410,7.675423903665647,1.8032363071932873,5.955289365939819,16.58052428150562,Impure
411,7.73645235638313,3.8486929620733488,8.366701172501156,22.23955409477521,Impure
412,7.614618838912727,3.115753933820322,5.171314898135959,23.694852213064824,Impure
413,7.73839751391272,2.164595941932573,6.343578795726719,15.231758679025633,Impure
414,6.975713229851156,1.6450890853640816,7.27941528126544,26.43327220481059,Impure
415,6.151486175762418,2.586489261334367,8.85907999818026,10.638115349680923,Pure
416,7.831543559302247,1.1431162487613329,6.979046110804616,27.150277023815917,Pure
417,7.284239079273263,3.0414514260797185,5.847512746425089,16.670216214306542,Impure
418,7.23340728099524,4.120241040401009,6.685667463042675,19.272909609553984,Pure
419,6.2350071315095486,1.2646123040420534,7.8753905789674885,32.94987668174386,Pure
420,6.637130713261819,3.66566068990924,6.023480268835877,12.548680405977247,Impure
421,7.882266391644484,2.382963739741201,6.442111140333739,31.534174435624028,Impure
422,7.923697545975013,4.95589675415088,8.565468850917334,18.974344652495915,Pure
423,8.163862034805977,1.9237781751421963,8.39581940675423,15.512211973260758,Impure
424,8.407965603912686,3.636030115612878,7.366093102515437,34.88519292846588,Impure
425,6.551468692691424,4.986476858782572,7.808975188166725,12.217299843959767,Pure
426,8.05071295211258,2.1765140058209025,7.118957161045085,20.041851261921003,Pure
427,6.048900000960244,1.3086490104572301,7.501759159563197,12.90627785941832,Pure
428,6.542999534732419,3.546074631866332,6.368422070399614,17.51644241453404,Pure
429,7.372995641152078,4.2361226001700025,8.859895164030823,31.967846293731544,Impure
430,6.860703719232343,1.4611522606490208,6.889097414442363,12.009213984382498,Pure
431,7.315100026574896,3.4562514900253527,8.903020876759047,27.24806965817698,Pure
432,6.043864792088959,1.4159490100067122,6.668472897285957,23.227368475245452,Impure
433,7.933951377375921,3.0546178745083425,5.665056432452662,27.311329972793658,Pure
434,6.966712124279725,1.2933568680395604,7.362058376999579,34.07765753046425,Pure
435,6.897555760752691,4.250433911908379,5.508938083182164,10.0053708219581,Pure
436,6.689259517061945,2.531837306136118,8.251859407991269,18.276260330958408,Pure
437,6.501055392105941,4.733718630518375,8.757436724448016,21.13112386946667,Pure
438,7.743053380764104,4.214008058992183,7.327036138897231,19.259364395459535,Impure
439,7.947507436701108,4.502963474690208,6.009947814306259,16.132478541110117,Impure
440,6.501042968937809,4.847999638972553,8.190887837644542,34.295594502743185,Pure
441,8.27444404861851,2.395221730671855,6.852926623566109,14.630362308680365,Impure
442,7.801212666651983,1.317471887752792,5.108361513785333,13.876894901211173,Pure
443,6.340022975175598,1.8751642422296002,5.000933369847122,17.394828384612357,Impure
444,6.576699254075585,4.649693013849806,6.024599879621425,28.329063329894993,Impure
445,7.589944604728789,4.691039606184228,7.2642450464252075,22.498106317328222,Impure
446,7.990451797445761,4.181934306760782,6.013696300189453,10.998984166697161,Pure
447,7.219013351008859,1.761768135109541,5.55369726456456,31.997746808982907,Impure
448,8.329395506528156,1.3012851783403332,6.2032582182706495,18.500216777939734,Impure
449,6.323298348871099,2.1695694555811955,7.15309745393193,15.489786128477864,Pure
450,6.730729266554963,2.4913387145044426,5.520779297424562,24.86880883275567,Pure
451,7.67489637413954,1.855282476169656,6.956440305034974,18.252970112474447,Pure
452,8.110406118931637,2.372010008380917,6.681509921731649,25.647849154179436,Impure
453,8.283701411362895,2.891407260984641,6.634980450364394,32.591549848559744,Pure
454,7.21844938479745,3.963195915761372,6.118760437604207,33.69616260206382,Pure
455,6.282353892475225,1.3838724840623424,8.72699308789451,25.632410502277864,Pure
456,7.782726293441111,4.286284574887448,6.768198057056042,11.22879783530502,Pure
457,6.276684848950525,2.8963329347699585,5.433779238783927,34.66488015391006,Pure
458,6.093365612547315,1.4953829553811921,6.7951977042322955,10.910980287094484,Pure
459,6.071705346297366,1.283884027471736,7.034582686407887,18.398746594022644,Pure
460,6.693695378691431,1.639519504048685,8.343535722170706,16.352867605419366,Pure
461,7.906376072775764,3.2025133628379154,7.229528048090239,22.687607843377243,Impure
462,7.901143085290091,1.5088814798956234,6.266139371127693,23.891938502582107,Pure
463,8.120563764004052,4.854121964124413,5.538765183433219,28.866848519593628,Impure
464,8.294039708457499,3.2227985920093167,6.110881041319345,15.526275415555437,Impure
465,8.306810714626858,2.6500066729698273,7.577170771637034,15.615120382814744,Impure
466,6.63299435477836,3.952666626706004,7.187536246531851,25.97446183113386,Pure
467,6.043086297644369,3.308845448714639,7.871114396295539,19.335828114302256,Pure
468,6.425937510356621,1.8898714902138085,8.566149516205027,26.125809584124422,Pure
469,7.7856113585353715,2.554952654208364,7.1087887320746015,28.600599710227595,Pure
470,6.533324669355538,1.79271804421581,8.917768936553216,22.546863088120016,Pure
471,6.0586613417950215,2.729401871925464,7.024933428286479,20.803742354585786,Impure
472,6.581726703521887,3.3725653914991756,5.415374777801514,19.545501472557092,Impure
473,7.104843515023464,3.395362124321256,7.5220630186411555,24.628973033790878,Impure
474,7.808506955545423,3.2658651293370626,8.15612377202817,21.16579633106104,Pure
475,7.305312990190815,2.825142957976207,8.683137723474934,27.928863575607018,Impure
476,7.283597625034622,2.872110723843045,5.225014792482712,17.432166686914805,Impure
477,8.311186886068402,3.047427520776115,6.763183319321144,22.83284198368584,Impure
478,7.910771017448844,4.976089399562319,8.630779308830926,29.50872890656298,Pure
479,7.856132699640245,3.320600738402329,8.874579329812725,20.00495839518661,Impure
480,8.283546998896679,1.0524046300571155,8.973567464424477,26.81311312454123,Impure
481,6.738580631988201,4.586432347475176,6.387617785830841,12.889533294593061,Pure
482,8.093486576862443,4.710177848561606,7.31954686690697,25.309187003723274,Impure
483,7.990305434585377,1.568408437173367,6.362884053609227,33.92347301282602,Impure
484,7.638386070278676,4.7825752833370245,7.904899776852771,16.076828051493862,Pure
485,7.305957886551343,2.811335296787965,5.007692213489663,16.435413225632914,Pure
486,8.221166360836705,1.7990232165916527,5.654900567924093,24.251730465970148,Pure
487,7.713568208644198,3.297190313930884,7.209609242610593,24.08534733305597,Impure
488,6.63257771610667,3.977303710351688,5.27284819223863,18.470496521217843,Impure
489,7.100644348798301,2.543907010704012,8.113063339753307,29.469651809597433,Impure
490,8.432521122686362,4.947549533743127,7.787433479507881,11.25768597679161,Impure
491,8.052355624817679,1.3541044328709093,5.948827962139498,26.386787361202252,Impure
492,8.181268919832364,1.4186434271699184,8.61901478106294,12.08317128666978,Pure
493,6.7658883745378695,4.714278851648425,6.948671795405813,31.57943528841116,Impure
494,7.864971210621599,3.827704198169279,5.694703227425178,29.820936571078324,Impure
495,7.713646325990493,1.9500022221350983,6.025306776303694,27.86088786806385,Pure
496,7.7660905609621,4.777665847616129,5.791190963559515,22.668608779955203,Pure
497,6.7447937626699375,2.2235100453513144,7.4749941053337325,28.954055626691552,Pure
498,6.752690317011684,2.276105869075113,6.759856295775071,11.025286919878832,Impure
499,6.946858239007274,1.1761768557480714,8.894712010703559,21.59073785684521,Impure
500,7.797191880521293,1.1036352463762693,6.979882848252014,23.891852103187272,Pure
501,7.006745885798027,4.090221447753411,8.285158366772233,15.272993467733603,Impure
502,6.229216156932966,4.9812329732488685,8.492254120641451,27.83677105849815,Impure
503,8.262313356486995,2.947117595390868,5.882277973406644,32.27059036951427,Impure
504,7.812203383616849,4.881487824876825,7.086231358896907,30.71922626226304,Pure
505,8.260384383905322,2.2337283828152574,5.040470619220919,26.645985684113878,Impure
506,7.7989200261044225,1.2580416042749634,8.130760101195758,17.640462538888297,Impure
507,7.652425920389976,1.1196624902781531,7.904358558800846,23.78318102847552,Pure
508,7.146172908250231,2.056515059042638,8.967277610017579,27.94806024388421,Pure
509,6.4538895092698345,2.233134245802585,8.52142191798797,15.82694950591982,Pure
510,6.734626552927958,3.2967729819836022,8.933743955378123,24.532393804770926,Pure
511,8.318684051545238,1.210377183516767,5.040942842916408,20.890745932122385,Pure
512,7.847319057586514,2.987937111258945,8.662001590030604,13.11403385887988,Impure
513,6.782493891631405,3.811660928020152,7.583255842286856,27.818811471716373,Impure
514,6.999724632086988,4.369969056675725,7.875639926939004,27.88857994257967,Pure
515,7.114340404336974,4.399291729886555,7.610294995794028,28.665590493930896,Impure
516,7.114119573690825,3.6885938118847674,8.599800366106255,26.125239853634074,Impure
517,7.883343290618164,2.9063452175350886,7.806283258506159,11.588208823996412,Pure
518,6.136889716466515,3.212241234981536,7.567300646859209,10.77419416211858,Impure
519,6.080476535200457,4.543649138141687,5.52035390722464,11.405652301503515,Pure
520,6.181749092205489,4.00039834727394,7.7003248822357815,18.669916823415384,Pure
521,6.075543336465618,4.415707590618564,7.171542787689599,25.334943795681433,Impure
522,6.673575419176022,4.92873779523314,6.940224176418074,17.750351706868774,Impure
523,7.77447852820141,3.0740808947482896,6.456439996242564,22.75044005025857,Impure
524,8.351706253448933,1.0905020338773248,7.427193096248499,14.954729280060867,Impure
525,8.353767058128723,1.8955906979635424,8.888072041858893,11.154867523025061,Impure
526,8.428506521006387,4.408410711382766,7.496667941236884,16.414678012407826,Pure
527,6.281655064045655,3.2029341394311652,5.499097544050237,31.68615327193788,Pure
528,6.837088367302946,1.7750312904759782,7.976949129345332,22.194868170157775,Pure
529,7.151477833680402,2.298260356608735,7.546175065804652,28.58563996973569,Pure
530,7.32441046896772,3.927754249026695,5.1879756743705,31.99905883226518,Impure
531,7.040728254645421,4.094706226212485,7.2570475439438855,32.914509036721846,Pure
532,6.927030883580146,1.0955669541195254,8.098637645903262,21.011036258263573,Impure
533,8.085809310628349,2.4378543003807125,7.3980013363463195,14.23230677573794,Impure
534,8.021599787096985,3.9739661844882175,8.382572605846043,10.034625126978352,Impure
535,6.321425989298155,2.6138823701527474,8.940453846347028,26.170666327054633,Impure
536,7.904458989964084,3.923826271175243,8.113702826549822,18.90027115718668,Impure
537,7.663443517396326,4.98964901552681,5.337904580237869,17.036699836703477,Pure
538,6.4482179484086695,2.560217248400009,5.8637471491615525,21.86834732084291,Pure
539,7.2358421299557945,3.5744968246059265,5.710790764131686,23.13140411223271,Pure
540,8.140467012873064,3.3248153039747805,7.745870626737286,30.150444433391336,Pure
541,8.191363569332673,2.080405983424634,6.344186111514923,26.807697441236773,Pure
542,6.730478448233789,2.3969418485088556,5.504620759203794,12.948789594339047,Pure
543,7.902221635162245,3.691087494192293,5.573684547963428,29.515225055854934,Impure
544,7.812165979359396,4.034028670821413,6.475691020141104,13.039037554947704,Impure
545,6.051645177399827,1.4549134816908147,5.046497117052269,14.310588471564113,Pure
546,7.1448568073858025,4.517447486570346,6.257134217742973,34.76292054982922,Impure
547,8.498447092391448,2.7531474769896325,7.694051074501347,15.186793456490024,Pure
548,7.231151682190577,1.561897019321099,6.756492190971819,20.821289701591116,Impure
549,8.228057393813454,4.071174598683841,7.459469464162312,34.11033276495796,Pure
550,6.252377435350059,3.6919875012457366,6.889926952117941,15.470867361239897,Pure
551,7.6750128843499805,3.521274200999881,8.07616003241038,28.370599607615752,Impure
552,6.6261505077390686,1.975699875337984,5.771114989035217,26.935967940200218,Impure
553,8.408257120352397,2.9140974966493762,6.571934280779557,30.423353812950232,Pure
554,7.283877482232528,3.465860995882172,6.942438292546464,29.3679754421471,Pure
555,8.399295216471934,4.962325798526056,6.313262565421605,33.477967471295756,Impure
556,8.255611077948036,3.4664768794386105,7.157828133348355,14.543434468502927,Pure
557,7.889886562349855,3.2664622179722227,8.733020235790281,10.72918262453284,Pure
558,7.714510703660368,1.3332104476954605,8.626949528271108,26.397664084043484,Impure
559,8.44773662936029,4.586366951848902,7.007992676273324,16.31859765143041,Impure
560,6.2609720126924975,1.2080959269977503,6.609123622749472,29.25954323828985,Pure
561,6.90909570328532,3.2990404388036163,7.758905620710536,28.830825410990435,Impure
562,6.048627043882354,3.591307040739835,5.230839456986941,28.750961304587,Impure
563,6.867422495778963,3.5387368637729075,5.762706715959077,28.164205981973698,Impure
564,6.794358200226665,4.453327498079295,6.369991233867973,29.332741027230444,Pure
565,6.280817454176266,2.0430211994175527,6.634297736624877,20.492088684231042,Pure
566,6.470943797030484,2.5282271020791414,7.22482657843142,25.728609624419505,Impure
567,6.894926165530199,4.475724755172204,6.274635362833714,30.513269886163236,Pure
568,8.11575468631532,2.232866007292816,7.902838118585725,29.12130210991761,Pure
569,8.236213836247481,1.5446782463668098,8.180813469959823,12.790550559942057,Impure
570,7.0394265459359335,2.134217010540839,5.129730770374202,32.201670240237604,Pure
571,6.442074939399015,2.301792481391196,8.815042593891025,17.882368721055748,Impure
572,6.126732978972756,1.8508620732359091,8.432613355311918,10.766089856470204,Pure
573,7.749763566926063,1.0682446906760807,8.809746909940804,26.992921866812253,Impure
574,7.7518342332350505,1.8323420149568173,7.80324181514578,28.7110839235806,Pure
575,7.238312066270545,3.0562015423391506,6.03023793689948,15.40513038667605,Pure
576,6.628666284432603,2.1915171624882412,5.010862185069017,17.751178276254578,Impure
577,6.794798791680909,3.7566465868092274,8.739814324678784,29.68394435345123,Impure
578,8.314982858807802,1.587167424054908,6.050304930319745,29.402896925964054,Impure
579,6.247873200619959,3.048399657521929,6.671943427784694,34.5931282275165,Pure
580,7.3551117783121205,3.6611570962998305,7.247726533596973,30.826076591113537,Pure
581,7.894149400055566,2.3513923669240433,8.986487520143145,31.530687834994026,Pure
582,6.866873700079113,1.186064877337202,7.518820974290778,19.204063844146102,Pure
583,8.47930996519238,4.306195772628339,8.400892351120826,32.90127511026041,Impure
584,8.423175812727326,2.8725770615289536,5.045424365362269,32.59669680547325,Pure
585,6.73297642424512,4.638308388671215,7.578449673577656,23.729485572891868,Pure
586,6.319607010049004,3.371599662776607,5.747051751886939,19.06106305392646,Pure
587,7.1033884770500775,3.0107366769368187,8.789476599742546,13.202431843217257,Impure
588,7.212658977683397,4.726975287290453,6.222544235917958,12.103271139300915,Impure
589,6.344646529157559,1.4508241322128885,8.787251676555625,29.79152106811555,Impure
590,6.176758870365392,3.859614741992145,5.473809822497127,14.657039207914476,Pure
591,6.533563029754974,4.120545021331143,6.99426609105584,33.29684033088337,Impure
592,6.393927633194799,3.9727388424422054,7.987728104343963,26.09734465143532,Impure
593,7.0328796400281215,1.4357435888331023,7.669900937495562,14.207624280068087,Pure
594,7.985642068354634,2.784467567135185,8.887686567014121,26.231646098075764,Impure
595,6.275899268261398,3.6718018627203133,7.39711311894307,26.326025865590104,Pure
596,8.433121707427635,2.2067895889004463,5.238681366366537,23.77277482251894,Impure
597,8.272910849767694,2.464263514690254,6.741163953526646,22.04405993930331,Pure
598,6.132466986821923,3.3811890500341826,6.957595149149707,31.165057180093342,Pure
599,6.644965596713823,2.4492501436380345,8.23657436388729,21.966614430560334,Pure
600,8.337490200377644,3.5804561153664967,6.555354114094641,14.105325811211491,Pure
601,8.290534508423,3.8633849522934214,8.855607731634773,17.71123277070955,Pure
602,8.32848631985123,4.47362737508414,8.87864126573075,29.64044116830025,Pure
603,6.70815010923093,2.628193665348648,6.138463964876207,28.215112165352668,Impure
604,8.164873911986106,3.8356789812810543,8.605693785498197,13.523641440418544,Pure
605,8.077751095961595,3.592612296787975,6.5162861388501465,10.505858544828556,Pure
606,6.491316570757703,1.6910929165168649,8.039559838361546,13.351608283106467,Pure
607,6.568068499778649,3.606258563829698,8.313484893173724,30.144031198399784,Impure
608,6.365646456677082,4.043777076471894,6.572110444723711,30.34423572868854,Pure
609,7.799084810988293,2.245708429928603,7.055126846157121,22.47132228411366,Impure
610,6.585117564722314,4.618764376559742,5.556058631424678,10.01046492708473,Pure
611,7.683721902510085,4.473115434478263,7.798467787208168,16.948913874843605,Impure
612,8.1398541064708,4.452933439741729,5.072664670759089,20.245815330343795,Impure
613,8.00110691632119,4.255377799718387,8.289434219303558,10.937839989598602,Impure
614,8.15057817699011,1.4530368493357373,8.474291107373164,19.966892247589975,Impure
615,7.172134983566878,3.292058118254998,5.129915146628763,32.29318983011308,Impure
616,7.9907753760748665,1.3510944093612753,7.989428681593292,19.058170888626904,Pure
617,8.226694087920224,1.8333181711861477,8.037888937761908,21.10893957175788,Pure
618,8.358912411066505,1.5387472934832385,7.700914399602901,12.302775356555312,Impure
619,7.542807030307552,2.5207206672957105,6.037904481388063,16.642523777923216,Pure
620,8.307886547347051,2.429074252501153,5.820948918234789,29.153613941019415,Pure
621,6.135988590267528,1.7661327779065528,6.944122741486968,29.947073021602122,Impure
622,7.909021717755447,3.2628455725577554,6.74010964590304,25.09541759302693,Pure
623,7.879771267694117,1.3560171211382213,5.097829447447199,33.387148210324966,Impure
624,6.140115001726755,3.24494938268786,8.088959255229963,32.5798034663231,Impure
625,6.049768480955863,4.235869734148652,5.623872633157349,20.03835702216605,Impure
626,7.4422629658020165,1.7920653069372663,7.081755646297041,18.44633738035614,Impure
627,6.991392967237283,4.122414900206417,5.782350023635072,20.65642327052718,Pure
628,8.362396355184893,4.109328126916823,7.3220402840773176,27.628884008939096,Pure
629,8.144071804977184,1.2368718424047387,7.976457793398656,17.340937730158643,Impure
630,6.535405105971421,2.8823198407146866,7.47435357670876,24.89101510343298,Impure
631,8.026593244101747,1.0927903139565402,5.1642949671886385,20.297159435122982,Pure
632,8.073191064096381,4.99507796119309,7.305762286313632,26.303507229823598,Pure
633,7.555158110385287,3.467918286750637,5.096231690150537,10.259059819925254,Pure
634,8.473527347780585,4.360090419093517,5.077703647542045,25.674659178362,Pure
635,8.304120096849704,4.538598450794954,8.000702225777594,20.889931587071956,Pure
636,7.047578806084747,1.033836548351553,6.4624507100124315,12.285295497529058,Pure
637,7.083271297183282,4.788139380134121,5.462049332605679,21.578695859578417,Pure
638,6.23252618504139,1.0657034583371927,7.172004131116005,27.449578592541588,Impure
639,6.549486505446063,1.4296987685333935,8.469556411768101,17.234327937913914,Pure
640,6.744966566400973,1.8581516683413906,7.98476281755498,34.497161313680635,Impure
641,7.711373780842362,2.2931816437992913,6.55277678549288,30.923351853994333,Impure
642,6.3918063336542135,2.912230752847655,8.137636365087397,14.576719706186688,Impure
643,7.321287064443799,4.324081724786972,6.459405294915941,25.190865561135574,Pure
644,7.131418607713883,2.093989435609146,7.959570604052347,23.898859655194627,Pure
645,7.385277408038206,1.9457785971864139,7.486876847264957,15.206279322549868,Pure
646,7.106854525032821,2.4486363109076055,6.077482724197506,29.381401913912356,Pure
647,6.209505040529647,3.0320222292660524,6.481298227491733,26.504677729362623,Pure
648,8.499895330539282,1.1666333337056192,6.478035772450758,30.686671468556508,Impure
649,6.409320115384862,4.5741183840657005,7.9624312858006085,19.4726491140072,Pure
650,7.659172848655873,4.055184881239491,8.96859726275608,24.316279152353133,Impure
651,7.936406277097258,4.9241665706954265,6.822435596588109,17.096670652461707,Impure
652,6.201404573567808,4.613860471959106,6.111677795219754,16.021532676693788,Impure
653,6.402611586953841,3.097264522208369,7.911274148124761,15.69964653178324,Pure
654,6.781920297811891,2.0944306591267052,8.15811840193504,29.41032945739435,Pure
655,6.683562803308593,3.1352675103181156,7.316499488384019,17.09692990097345,Pure
656,6.03431565267649,4.883621450508938,6.080241166457551,33.13478803175147,Impure
657,6.095455159814953,1.5072511649796665,8.573087195725476,25.956260184072473,Impure
658,6.082446708047821,3.851793742458979,7.911498766010562,22.680689599699278,Impure
659,7.429392849559137,2.3986509886884098,8.540952887975095,27.254980082794553,Impure
660,7.919779543671842,2.2711161351559133,5.541135391117297,15.680583455908938,Impure
661,6.49744693752545,1.054264997260034,8.959615260759172,28.47379944663566,Impure
662,6.249051802960831,4.006758982246622,5.1556464584911845,19.61215982567885,Pure
663,7.420347944311471,3.6125166068378496,7.612717603189415,29.451248159792165,Pure
664,6.123408799841756,3.9823362472935906,5.506363441545179,22.364015731643583,Impure
665,8.187220551941678,2.109949817941104,6.725277099367658,10.68442368073394,Pure
666,6.44542579953086,1.514334178837296,6.087458586335568,18.34822658279397,Pure
667,8.032704322080262,1.5303571731290169,8.186755564337625,23.01646052304752,Pure
668,6.543438234262121,2.2535617447204426,8.489701654936749,34.15505895894283,Pure
669,8.34827865872332,3.8166417926304996,6.0069828564048375,14.041789588997247,Impure
670,7.648906754651664,3.1066448808219804,8.802842073416233,20.50321334382859,Impure
671,6.808335305167951,4.2660113234137516,7.665079481841943,24.927592671030624,Impure
672,6.846901495184289,3.643910046893516,8.452821687030603,18.717543067518193,Pure
673,8.236716251064182,4.273209880404947,5.294141140235634,11.750548399363488,Pure
674,6.8444729681835454,3.1524795294477865,7.080744738107347,32.358574046643156,Pure
675,6.068724589798344,3.699876184615204,7.663822236766096,10.047757475831872,Pure
676,7.619968360561147,1.480101146545934,5.667832198357232,13.24332297698875,Impure
677,7.542150398738419,4.6196934951307895,6.198337840098047,17.13181433640413,Impure
678,8.315592938500384,2.402539158172821,7.380728541937518,20.031172017451926,Pure
679,7.258197710477436,1.103528417530609,5.627265271836792,34.76866155977678,Pure
680,8.304508531716046,3.723949452583514,7.709880453590245,11.316303171394079,Impure
681,6.439724865730077,3.3860728734004186,5.3304430662800035,21.7528838376139,Impure
682,7.771940015272829,2.8220222472675975,8.77990692569405,30.336384265342605,Impure
683,8.087810714908281,3.5433578553753273,6.420370038179707,14.466636744578489,Impure
684,7.288048895957296,1.251498321364048,8.436684301314436,13.353145006087498,Impure
685,8.403764797436505,2.9912258026086715,5.256771521141248,19.798473531143742,Impure
686,8.493058911924722,2.7080528137813236,7.547093269047737,12.384223448676366,Pure
687,7.369944838452847,1.78348041198142,7.2973650205952465,13.525175016077498,Pure
688,8.227193960695516,4.308822635134704,8.675825891725433,26.505818617146257,Impure
689,7.881620132911303,2.617295373188114,7.72210284798389,27.41609834446043,Pure
690,8.45773042511002,2.95017011464115,7.820274014469996,21.66517459852799,Impure
691,8.264645581842862,3.3117837777824857,8.302269988917597,13.64288567381572,Impure
692,7.540841073611084,1.9339758911564662,5.595941848786213,13.435713044531454,Impure
693,6.893514287364655,3.149046866665766,5.39897108072394,24.93005649175624,Impure
694,7.30709613585927,4.940812725753502,5.472505102577216,20.15272271421412,Pure
695,7.050003200770094,1.795686312314687,5.810754224218836,17.695899603715663,Impure
696,7.651158314288355,2.0642466404441566,5.620145071365295,20.253485145277033,Pure
697,7.300237692837594,3.670015409505939,5.548620855189604,22.958758949985537,Impure
698,6.256582528808012,2.454515881395548,7.190102812989549,10.490647749348877,Impure
699,6.6768503602666325,3.4613442876308858,6.148224315732161,21.68404329151572,Impure
700,6.157889400084176,2.7855235915022027,5.041307759481686,16.437218890008598,Impure
701,6.146528608783688,4.979058678786488,6.713778091938621,17.433723675130558,Impure
702,7.079987298959248,3.0261416735473743,5.800187157857992,21.98861936434668,Pure
703,7.311642920428362,1.2624276255926614,8.140033088343278,11.995004815786807,Impure
704,7.976011172802782,1.659921975784727,7.778167755761603,31.057816883077116,Impure
705,8.251645788482643,2.267877737943653,6.864088688665483,28.724980646733318,Impure
706,7.857353829898088,3.6690816892476508,7.5778701223258995,10.03416274016787,Pure
707,7.46446338992474,4.281310885818572,7.977435461955018,23.771323328585574,Impure
708,8.411555750399673,3.2453918106175803,6.270551052294468,25.63664978848815,Impure
709,7.653167560639382,1.345440037502836,6.412699737202361,34.99959594822083,Impure
710,7.068155036230051,2.93237775856725,7.667001173713198,20.36685472763284,Pure
711,7.475704591237318,3.945316004787659,8.102787311205265,20.819612222943114,Pure
712,6.837093745163179,3.494256319124542,6.13760133820581,19.67698607970311,Pure
713,6.362575194380422,2.4884987654053625,8.834084702572865,20.25406855543701,Impure
714,7.66920815995376,3.8260963301091944,6.917612919699397,15.854645193260929,Pure
715,6.604628646695739,1.0081680873537917,5.339291029820276,32.071272156672904,Impure
716,7.482220837413029,4.798062337009108,5.400281352454412,30.11087374615512,Impure
717,6.488852780399089,2.753933798199911,6.976048665253789,24.693507649121468,Pure
718,6.40854771321837,3.5676422623158013,6.180616887631684,25.685438203929927,Impure
719,8.23390818956578,2.616789859338632,6.940813071001374,34.98305977278845,Pure
720,6.5220110701841,2.9857251718583973,7.8567513297934415,13.48403594523413,Impure
721,8.332972036609423,4.2109348385135235,8.61800738273108,19.521806148627476,Impure
722,8.349490037279857,1.1140092738881906,6.576015376644765,29.157210486362867,Pure
723,6.52877895524704,3.5911125646359348,8.065921346518643,26.779143160955826,Pure
724,6.9823817353068005,3.6495577379643533,8.220810021109035,24.455366925490612,Pure
725,8.090306668696066,4.062376921472223,6.172965762740484,17.213005094296506,Impure
726,6.94171365502665,1.9516724280096454,7.42521863880939,13.555571070794542,Pure
727,7.4242056591039844,1.9749042212600574,6.399970888549766,30.91593917484451,Impure
728,7.166631244286355,3.733243078881546,6.45534372062868,16.219702634272064,Pure
729,6.512783058566159,1.8236503474816437,6.519289041990188,30.651667896578633,Pure
730,6.81553061628621,4.835341966822263,7.614054336028433,10.203941870061076,Impure
731,8.31286619366961,3.115778459972908,6.268450353672504,14.766870558853478,Impure
732,6.656026807940489,2.3630584665914816,5.984471687555718,32.16422096851548,Pure
733,6.583545183743151,4.194323460027931,6.522760937739688,22.264688268735142,Impure
734,6.806776329747957,1.7604587020941898,5.262786384311859,28.931307039903192,Pure
735,6.878837842513829,3.9526844410104864,5.707353033205985,30.391518488254455,Impure
736,8.131222610127091,1.0844081482563492,8.037645479255204,12.998367512947894,Impure
737,6.1399200728771675,1.3045645338392244,8.977919799099546,32.28101110132188,Pure
738,8.094392897118965,3.9345876175873338,8.779791359037409,27.402664172990875,Impure
739,8.12590957378929,3.197440845381148,8.762592773512623,12.218729772111983,Pure
740,6.44695920487105,2.5465060427068638,8.654081424863175,16.34325488423579,Impure
741,6.505856916838469,2.196060031823648,7.944995366814456,22.18903846164504,Pure
742,7.8756322053310726,2.8000165590664032,6.198209287865568,10.537752593780915,Pure
743,8.430265404465676,4.420626720252818,8.960464311109636,32.47184436031391,Impure
744,7.03392740235207,4.311524664132542,8.042639038649742,32.7670887452581,Pure
745,6.128310124084403,3.073965874248563,6.676370295286656,13.619621717416388,Pure
746,6.469288812704466,3.3093393897905563,6.346909334753871,11.984989916590283,Pure
747,8.06862373992443,1.9353831518738085,5.091787312151528,20.300197279049005,Pure
748,6.0427459007889555,3.701183994803849,5.367275259097257,10.83406766076244,Pure
749,8.032359505320553,2.7522417887626016,6.102392711070677,27.017173863203176,Pure
750,6.769691681242618,3.822777881683949,8.122686889037311,33.342740115079295,Impure
751,7.465932623428627,1.251007092253548,5.2668841395719905,34.33210786080558,Impure
752,7.6383586835585735,2.7490649230509505,6.662895785105306,24.32184568504732,Pure
753,6.725300461689555,4.3689316241277885,6.148473072110477,18.332745465228037,Pure
754,6.748270697558163,1.826586473191655,7.127611818377219,32.26584976899716,Pure
755,7.123174822502219,4.018158084057845,6.369472360364915,28.602966768603437,Impure
756,7.656508109860302,4.693871123264987,8.104159469144768,16.91038997521576,Impure
757,7.051947363824862,3.3829468829158422,6.858260530898677,16.164934101404874,Impure
758,8.127565663421578,2.238083175501948,8.009878717238726,21.877516659645657,Pure
759,6.2727077829436215,3.4947837445206127,5.68752675178157,32.459837683402235,Impure
760,7.964863794556051,1.8153920198850724,5.6615650420089825,31.156532066595517,Pure
761,6.4053769763427475,1.9632765338474365,6.297862742534067,13.630826138688906,Impure
762,6.252468383007551,4.04230409133301,8.48687801006616,34.399240466706935,Impure
763,7.749113598038193,2.7881190667187794,8.085541255659285,11.53753144099089,Pure
764,7.268675408456279,3.9142295793004713,8.131261187899613,34.61143872766961,Impure
765,6.122673202482958,4.21991260830437,7.84736319939771,22.543284721265227,Pure
766,6.500929048723044,3.3861631559687093,6.296170079757954,20.28088719504465,Impure
767,7.935137151820687,4.394171441584978,5.5413095639394525,32.841214411244394,Pure
768,6.928022700948307,1.7511488709137657,6.71015114804436,32.6240730873164,Impure
769,7.145836525383942,3.578616039747899,7.517748619859107,10.764116016561456,Pure
770,7.819941296760383,1.5300222421806753,5.901169506876657,33.051285372941095,Pure
771,8.019974703259573,2.1688963930134597,5.437875782773529,19.853416721042564,Pure
772,6.989894400449703,2.5786660264893895,7.05295870922107,27.761083711952974,Pure
773,7.801525600636174,4.261596442959531,7.78260166333771,27.49057659130323,Impure
774,8.09548649096201,2.50692762512844,7.334982343613784,30.430067046889548,Impure
775,8.326041786935097,1.3576310395062574,5.847441674126518,23.986879030168303,Pure
776,6.583005257389248,4.611521523757757,5.577625493011546,22.286648718577542,Impure
777,7.755278811012484,4.2680618186029085,6.2748572469369135,18.30557393438427,Impure
778,6.02338843713739,3.3484269152014536,8.119959806368318,32.7863247471424,Impure
779,7.374009981011991,2.3475164419912624,5.537319449613825,23.936431467405136,Impure
780,6.467416994431694,4.158060181948597,7.350991625154085,23.361889871967286,Impure
781,8.02789399567298,4.425909786184212,6.844396313961498,19.493911888324796,Impure
782,7.0922135576590595,3.931412520326656,8.606845213375331,32.79168779799567,Impure
783,7.925898251370686,2.9855424175001724,8.391302263059625,26.737123813147992,Pure
784,8.315087642500895,1.2622736443451261,7.222288282983469,11.93518385324688,Pure
785,6.487145604400752,1.294975992186357,8.111381727570945,28.927498510199804,Impure
786,8.251438815146104,3.279767793062699,5.679821762525998,32.77535811236904,Impure
787,8.393471037242001,1.6971046548834727,6.801259469131314,13.339285885884195,Impure
788,7.017163020131571,1.4585289562468509,5.363339237441403,31.856782625490325,Pure
789,6.961611969959245,1.8132517049480836,7.194440954534318,33.085746407806475,Pure
790,8.304826558694227,4.226764266408265,8.803279291358109,20.46100854357538,Impure
791,7.374338439802281,3.174976079640908,7.265870695218679,14.1169968947477,Pure
792,7.72188364321028,1.7840899780312518,6.099622786920172,23.304246070920428,Impure
793,6.6168759774153445,4.268323304858265,5.858889627153248,16.977371390247775,Impure
794,6.430201348827091,3.625454885193882,8.932616632178076,25.813252984642723,Pure
795,6.628286028264068,2.0872160884236473,7.287983513444097,18.745428026679654,Impure
796,7.278661136230706,4.356876524756934,6.644185106595096,28.127561594064947,Impure
797,6.848601457530643,4.480046061416019,8.44425289970225,12.43732239316957,Pure
798,7.200674734630084,3.2460884377539174,5.42767594148942,16.031685585796186,Pure
799,8.15325378613218,2.867283213191052,8.548853574105426,18.394201358389154,Impure
800,8.14798254609926,1.0135979285903884,6.386212494714849,27.835542577739243,Impure
801,6.1503104395036114,4.593080947264222,8.98856689718267,16.404205247566168,Pure
802,8.020066388963556,2.5939828941996583,5.98842295863396,21.328055522138342,Impure
803,7.650784965294886,3.5214661524121142,6.045868349581713,30.234145078064508,Impure
804,6.393899747888333,1.6491753795619615,5.1001164551585365,33.35532186644117,Impure
805,7.179023265188045,2.023556999848921,5.461051610819336,33.891244973104904,Pure
806,6.449809481254758,4.08354605589961,8.279301168326173,16.91937464727954,Pure
807,7.176401469816071,1.080323067277301,5.486395055688023,13.22956192852776,Impure
808,8.203511947368009,3.183877764866205,8.99018771347469,11.513797792197561,Pure
809,6.385132284158526,4.786999953271771,8.308853543188057,34.78088049013481,Pure
810,6.616107956505952,2.2141256529694218,6.264511389017574,33.289995365302985,Impure
811,7.389941749055466,3.183275826798403,8.458591112018787,34.96799954528511,Impure
812,7.754194285377485,3.4093090589714015,5.054082443952083,19.068369168861754,Impure
813,6.530972426110641,3.248143458438063,5.581448046839969,28.78706308200012,Pure
814,6.1355921285621156,3.7820394336431464,7.082564828452217,28.81952531078947,Impure
815,6.437975782293041,2.636732613754627,7.304389146207376,24.4606556543769,Impure
816,7.21796580126471,3.4037409787984423,5.265726934342143,23.59794673630168,Impure
817,6.459978992331483,1.7088462360143604,7.645539547295867,18.227368315037864,Impure
818,6.005948212162282,3.7004483576188636,5.049182328053719,24.09903970525704,Pure
819,6.120689892904923,3.0826943115123533,6.652152523802464,26.184309310064993,Impure
820,6.1800929780700615,4.833413031252,8.902871296135384,16.018763294686888,Impure
821,6.9522630123262195,4.294165295536289,5.9554857821561695,18.533672112784764,Pure
822,7.073705891674686,2.5769069495299806,7.340578115459276,22.685924241439913,Impure
823,7.926384261906916,4.214394226077904,8.363902341287297,25.51517984779021,Pure
824,8.460425630329242,3.726510997649153,6.215726251127634,18.111018176374724,Pure
825,7.974769187648899,1.0335347226752658,6.9047002350395985,13.671249279002451,Impure
826,6.186778812149222,2.201877841522966,6.571749866413245,33.9651814151865,Pure
827,7.416999053243114,2.390897157166332,6.646945139967275,16.109045108965837,Impure
828,7.702369259044009,1.0829073492842731,7.17797217422299,34.30226481047301,Impure
829,7.046761788213228,2.2661079971713995,5.571530027035606,32.5481703871448,Impure
830,8.187918403405718,2.0845539200988585,7.122113872417776,25.760892821894497,Impure
831,7.950900305985345,3.5434904722051894,7.2287478876209725,11.174804937151471,Pure
832,6.185677834890584,3.4258192916672128,7.0318507522630185,31.139734415279882,Pure
833,6.982553572433186,4.930122876305655,6.251140471631588,34.70957348986081,Pure
834,6.111123985477326,1.3736996598845517,6.40844058350781,32.704179462419546,Impure
835,8.19815219499501,4.643144489770554,7.884281916097002,26.83114960526891,Impure
836,7.646510420928754,3.8436662029229427,6.004489322372232,14.358175901706431,Impure
837,7.153768686192862,2.557127197921111,7.277537426905478,10.575497611925883,Pure
838,6.00360750471211,4.206869841288444,8.522450066837425,28.879150480674127,Impure
839,7.037436720772296,3.63114192170955,7.995152030311173,16.500311662278094,Pure
840,7.1278690052693126,1.9071147789383698,8.542778170225848,33.28319173978869,Impure
841,7.042358885329308,2.7476203498576344,7.921787360161305,19.003118638667956,Pure
842,6.647937349254731,2.700243362750321,8.917454664034324,24.022743405239268,Impure
843,8.136477995105931,2.223325961855384,5.8633435477782,22.09885986922003,Impure
844,7.300769862594262,4.97295158074604,7.808604753030425,15.798884059763772,Pure
845,7.251403228827023,4.8435262906888905,7.98032524250804,26.217279101028815,Impure
846,7.081002876931269,2.035872189188933,7.175721690575214,16.941347126705452,Pure
847,7.3784986936688375,4.088510152502112,8.017768592797571,12.168772260232803,Pure
848,7.896994136671675,3.3127612214992164,7.849494794724812,10.87714391924982,Pure
849,6.018350573743275,2.199822852427929,8.390778846137184,24.286856032041882,Pure
850,8.25700834889744,2.828766630455451,6.450826950859512,10.840189919047738,Pure
851,6.417402460039678,4.779075664160294,7.050727986621267,13.899928829701718,Impure
852,6.646062178544085,4.562695676339737,5.835506490856978,18.149116746446907,Impure
853,7.119233867039282,3.5933179653626683,7.020223349039815,26.60007604482342,Impure
854,6.1159189353106544,3.824757478895046,6.224436094595722,16.221881071405644,Impure
855,8.358536034908592,4.835010606102786,5.682712111473835,30.452770881035416,Pure
856,7.192020307419069,4.147963233046898,6.5492563085669016,19.97922805549063,Impure
857,6.2231561590116495,3.5548941104516314,7.57946941275836,21.19547521082997,Impure
858,7.9198569548870354,2.6472709830649115,8.052799777527,20.497711361237716,Pure
859,8.306630373697995,1.0756313232319474,8.529483238268423,16.184331416783557,Impure
860,8.092046257647713,1.4250781695761239,6.329726697194349,12.57939306996845,Pure
861,8.02610078717034,1.152505851995949,6.165149524757077,23.313311908497887,Impure
862,7.733311194326734,1.3145806268372486,6.403207182722273,32.439028915643846,Pure
863,7.788240475026772,4.4107201814988475,7.669291033370494,12.007477963659216,Impure
864,8.27377628324069,3.4147468316260126,7.145556093036483,23.873789877770626,Pure
865,7.515050398006398,4.3278112204387575,6.036230204394464,20.072717199067203,Pure
866,6.769662836459694,3.1601978127866928,5.5938861795012365,16.344325589561375,Pure
867,8.325056623587574,3.2493613477324823,7.014358091828253,15.449173278007452,Impure
868,7.440166731087413,4.609289838109456,6.94027685908832,23.905798424881304,Impure
869,6.045238732407881,2.754718883449079,5.061905682395064,23.23536605149213,Impure
870,7.843692043434875,4.058144730345526,5.46108924809265,11.584016267072588,Impure
871,8.413266384528185,3.9385628362294542,6.6938399073161134,12.431574720599034,Impure
872,6.43498512776705,1.004298112029086,6.66908576273483,15.239713262167065,Impure
873,7.170373072440513,4.52006713713205,5.695843113398271,26.304767068150458,Impure
874,7.705458898806761,1.2265286201469427,7.93314982674578,20.739984651264123,Pure
875,8.466883791999756,1.3521901060488064,8.09313644920659,29.84047958894914,Impure
876,6.611261840294037,3.758265375646532,5.772280832357933,13.908279278473339,Pure
877,8.344928841376486,3.901746531354066,5.312093801456077,29.919819065713547,Impure
878,6.207475366054479,2.8395113908921545,7.820287610647439,14.465062480313936,Impure
879,7.371515080230506,4.493853757422141,5.309728999991497,10.860013819325935,Impure
880,6.434395496857006,1.1556473138847712,6.960548993923169,29.295692665465605,Impure
881,7.110727076566892,1.2901032879873355,6.927192727092498,10.470089645599248,Pure
882,7.860895677995301,2.3200624834802515,8.965900221235913,19.016673521956225,Pure
883,6.306280719523805,4.731680009901584,5.159072343677188,30.715375584799258,Impure
884,6.187786311603527,4.587256710336337,6.018254664879542,32.16236820227833,Impure
885,6.04118093301435,4.986281079665949,5.937997534688457,19.178474639979605,Pure
886,7.832544439143015,2.559436578504255,8.28492131255378,18.218282370490265,Pure
887,8.23166190750909,1.5784899594970443,7.9347977967255146,28.72235255167628,Impure
888,6.14747213352952,3.7416493137731184,5.804834883326514,28.727384103057908,Pure
889,7.520168193255728,1.3700087892185668,8.813026639288559,32.33476232259064,Impure
890,8.419212519462047,3.1453121015554695,5.165491226649244,14.485357426474698,Impure
891,7.29669748342569,1.1389085630065838,5.672666415806184,32.41619614936826,Impure
892,7.2473604466135715,1.3985854122085182,8.902186945963727,12.29445681696267,Impure
893,8.035829568370014,2.7534072858668845,6.740246185636646,27.720342123521647,Pure
894,7.951080673136166,3.3598020575624736,5.462924424822321,28.921267739420458,Impure
895,6.871315898032208,3.307596805285536,5.707779068866892,14.508556512284892,Impure
896,8.278918401520487,4.892994321054794,7.638467393889873,18.620883433679218,Pure
897,7.267075480490576,1.264677544441374,7.400065489008451,31.83911213849692,Impure
898,6.192569657357492,2.151285443687264,8.718780959381757,32.51072420602475,Impure
899,8.413719983788358,2.812238414123838,6.185395634316259,30.822161463408158,Pure
900,7.040086729123377,1.1782768421305292,8.923428961152688,23.94745156296819,Pure
901,7.994688195829438,2.038456779053181,8.439107564733046,30.798464113790843,Pure
902,7.468665251880109,3.1951532837630707,6.640619560089894,27.166645839776287,Impure
903,6.4488664607855775,4.391854379095231,5.575580493373039,16.077841029159067,Impure
904,6.278119650620906,4.556704927109871,7.950034855921802,20.67879832784874,Pure
905,6.282902493639175,3.362435460400468,5.490317892130272,20.326274000808077,Impure
906,7.093933268824387,4.746368296080208,8.988592949270982,34.26091448450248,Impure
907,6.322127246016543,1.3566394615927084,7.670470719605944,23.905078669573413,Pure
908,6.324487759903714,1.4557028285678935,6.849286560412317,14.589122534777726,Impure
909,6.830282970400591,4.650980801063584,5.599281483307932,12.281879739611878,Impure
910,8.119906057903314,3.877900140046493,7.101030176316312,12.158828123689283,Impure
911,6.363556922824203,4.15642425778193,6.508244117708244,28.946591604236346,Pure
912,7.641316385140816,4.740778562234829,8.496265299337304,22.70519937852665,Impure
913,6.472189643263586,4.0730713003063475,5.415795067196339,25.37903053275653,Impure
914,6.7228678607661525,2.3131465941453637,6.626797689180761,22.091239875001758,Pure
915,7.184805455617048,4.1501403553278475,8.87849899574376,27.325581975098725,Pure
916,7.855285827368789,2.5334923213687843,5.383683322028124,31.75031847255963,Impure
917,7.113981661024277,1.9419157635481943,6.399893717538907,33.61939824112842,Pure
918,6.43331024369678,2.3595797252568507,7.624321929111529,15.217455510913354,Pure
919,7.382703274237592,3.5698661409934758,8.070357851936688,28.833997503434308,Pure
920,7.828033207966408,2.444837806258781,7.0508362835006295,27.96263057870483,Impure
921,6.452778027352674,2.4637192305396147,6.7705305382359295,13.62198841077414,Pure
922,6.235882137363771,3.0966470700813296,5.716121228356059,22.89952559301445,Pure
923,6.080349084014481,2.9872340009728386,7.051610149578501,16.902586049829676,Pure
924,7.468107288674421,3.2932489808703447,7.940603858264291,21.53937749187589,Pure
925,7.807579397357671,4.843863254370795,6.824732528539119,20.93221178676545,Impure
926,7.493604030519986,1.3402322176516819,8.862555296045397,16.199728616295907,Pure
927,7.3103199676596855,4.716783831854885,6.89297714151477,18.990337692352576,Impure
928,8.376272250921772,2.8351433493669926,6.084404903513609,18.55740284764738,Pure
929,7.887790286465702,2.4520248663742876,6.445451548064783,30.92248579227485,Impure
930,7.4445531400012275,2.287750638278729,7.311722991488221,11.52414809587842,Pure
931,7.561442691077165,4.712712416635203,8.250466173776253,15.299145766353453,Pure
932,7.414594014874087,1.8076052591102756,6.439214062212815,11.963389715691177,Pure
933,7.380302265424575,2.5571388746282246,6.398978303866803,26.621089206414542,Pure
934,8.466759508816054,2.79619587651247,5.560222819507354,21.07800376282814,Impure
935,6.970931731921562,1.731020242710641,6.6461322280804005,29.251786695594582,Impure
936,7.977137337163662,3.064604578348127,8.449343703272469,33.46755923107569,Pure
937,6.4461375716688565,2.5145834313877686,7.896740628738208,12.432149045431892,Impure
938,8.357186913300424,4.8540048865391805,5.236096935021499,31.375909978450963,Pure
939,6.905394467450932,1.8684215589265114,5.153591892240002,28.79880982945457,Pure
940,7.408181062561513,2.9195478018079526,6.611670630818914,22.81162161860752,Pure
941,7.1008257489549,4.8234079623917445,6.912300650888843,26.56143650165421,Pure
942,8.07254734765061,4.297860269157693,5.480432465424938,10.338504880829177,Pure
943,7.963103420587705,1.5231725807299004,7.626838397488976,12.780595579523293,Impure
944,7.193347467889351,3.7902243353649663,8.750396604335958,22.30971880572205,Impure
945,7.496960618495191,4.241376471088151,5.5136282853882825,24.256583433652803,Impure
946,7.979161261226766,4.626231154067373,6.187440944275686,29.557211071326673,Pure
947,6.158832227537913,3.7477682830283725,6.665510902374482,14.599587739460112,Impure
948,7.538894366414299,3.4479526878904387,7.907598533007241,21.767006177099056,Impure
949,6.502369433075615,1.9883963985053459,7.827278275316919,28.20060865695305,Impure
950,7.783625896568922,2.47413655869028,8.183137885457668,32.183253345090236,Impure
951,7.543926531952375,3.2966399054512614,5.685996168928659,12.474147414999189,Impure
952,8.279041919299603,2.0138546523366485,5.776877330578585,10.665846025829714,Pure
953,7.157953799155821,3.2466149846143724,7.052233061867131,29.597458335368742,Pure
954,6.488465179974369,1.0557377909377421,5.586423646150248,32.16193055769148,Impure
955,7.307821052551715,1.5145982407682208,5.055230484938061,23.414546841634163,Pure
956,8.212553586611126,2.3858425655431663,6.407590035461164,27.77122121154425,Impure
957,6.367796141587808,4.548580670212182,6.158453003175129,13.354938129350007,Impure
958,6.697693524160314,4.614188589398436,6.259932150628053,11.273083822653154,Impure
959,7.249770394775732,4.323041842412178,8.725034156650858,33.569667664298876,Impure
960,7.091490739762948,1.692514697544444,5.229478434975204,26.06398509894627,Impure
961,6.109905086411994,1.8715993958359487,7.127711219874682,32.17819359524414,Pure
962,6.440754991586915,1.6133566627620852,6.857416847199884,30.233443789823376,Pure
963,8.443851579407461,2.482048126813456,5.877262492429606,18.1588809886504,Impure
964,8.013485434912916,4.912180865491306,7.768740150582824,14.709344853201852,Impure
965,6.3637117075977,3.460799533674212,8.29192884554761,20.988735857074037,Impure
966,6.093206900015748,3.4112464787556895,8.445134336608913,23.996816918147005,Pure
967,8.421837847128756,1.8175837563946255,8.87154669923774,26.99672685960625,Pure
968,8.368801695816595,4.421960930317708,8.41734160745419,19.45290797318795,Impure
969,7.241689418381013,2.3880671927814006,6.349375427774355,23.461425701473217,Impure
970,6.313465874856453,2.1177048746651854,7.642378815906454,27.371754786706433,Pure
971,8.321250845105393,1.0714116297791825,6.265977172174272,17.509506664874753,Pure
972,7.629988050977529,2.604389263605685,6.453966394039651,18.98355036209857,Impure
973,7.205344131941192,3.4147435781085487,6.30314596446118,26.163582039076154,Pure
974,6.720727566812877,3.1729548517617028,8.299603365469787,32.107848710852,Impure
975,8.047914603948946,2.621287598389328,6.269628240422639,20.80998667164002,Pure
976,7.119457089392975,2.708141072682885,5.863000279912599,22.1391783032518,Pure
977,7.081650907729499,3.190091175984919,7.963713336657923,33.007234274796815,Impure
978,6.960419006041868,1.4956726529057138,8.460073300185845,29.984978605013527,Impure
979,8.349322931556387,4.514622246271848,6.9783694213125615,25.297500151621513,Impure
980,6.197325653154576,1.4551220989179825,7.65764423227347,25.559694722090633,Impure
981,6.993262173298584,3.3309950531628614,6.5409576257661755,13.65907363186654,Pure
982,8.184705256730762,2.7572927697986653,8.788554220439641,22.9545581952473,Pure
983,6.100237967787154,3.9484939342126997,7.035392871826819,12.940035769409658,Impure
984,8.365752388520319,4.469849527397369,8.952708579418356,14.143186511794964,Pure
985,8.432869319530596,2.8289365071127937,6.049429414619748,24.6079916351617,Impure
986,7.18576842678263,3.8786529739820708,5.950779155723641,33.95766986252818,Pure
987,7.075273591083396,2.535493786087571,6.548951604248986,24.117869847474115,Pure
988,7.991825932765886,3.5931197692231627,5.577398408295803,22.80957782907481,Pure
989,6.693661311031242,3.6954542255664236,8.057400202259624,23.335362710369395,Pure
990,6.967844253191027,2.305084997104482,6.273481142664663,23.778047823522897,Pure
991,8.3296822948423,4.1910146931179355,8.650085245346162,12.260957487248858,Pure
992,7.887402674279572,3.151790101448661,7.949010558518231,27.258675790267958,Pure
993,7.72015864991812,1.1941438973494782,5.217036988736541,26.998215359479076,Pure
994,7.771433433408389,4.234513489038324,7.770374575447073,28.252452342386267,Pure
995,6.560159247356364,4.5793226193361,5.548646665074088,17.071726441046117,Impure
996,6.2783883778405425,3.5960420448816266,7.075463154946112,13.083128510526855,Impure
997,7.117855625591249,3.8045729311873573,6.39334361062569,24.664025152927913,Pure
998,7.902390032577723,1.7639477199432787,7.6412624062069465,22.801819378046297,Pure
999,6.53517370636835,3.0019776791081583,8.619138376267552,25.923378091222617,Pure
1000,7.65924374312752,4.162977515229735,8.602881913538269,16.706402407881683,Pure
